{
  "project_info": {
    "project_number": "913715657551",
    "firebase_url": "https://smart-placement-assistan-1e8df-default-rtdb.firebaseio.com",
    "project_id": "smart-placement-assistan-1e8df",
    "storage_bucket": "smart-placement-assistan-1e8df.appspot.com"
  },
  "client": [
    {
      "client_info": {
        "mobilesdk_app_id": "1:913715657551:android:58ad4978d3e14751cae33a",
        "android_client_info": {
          "package_name": "com.app.smartplacementassistant"
        }
      },
      "oauth_client": [
        {
          "client_id": "913715657551-e0fnhpiet045ne5f5k1uopkfb3ebioc2.apps.googleusercontent.com",
          "client_type": 1,
          "android_info": {
            "package_name": "com.app.smartplacementassistant",
            "certificate_hash": "48acf15c98aa15a7b4813b3f4a96329def8e5d6c"
          }
        },
        {
          "client_id": "913715657551-d6394ftgnu0rf7ppba6iijolv5d1v1uh.apps.googleusercontent.com",
          "client_type": 3
        }
      ],
      "api_key": [
        {
          "current_key": "AIzaSyCKA2bLwrRBA-j_53UcX3SETy_VLYkGBqE"
        }
      ],
      "services": {
        "appinvite_service": {
          "other_platform_oauth_client": [
            {
              "client_id": "913715657551-d6394ftgnu0rf7ppba6iijolv5d1v1uh.apps.googleusercontent.com",
              "client_type": 3
            }
          ]
        }
      }
    }
  ],
  "configuration_version": "1"
}